url,brand_model,price,year,mileage,fuel_type,transmission,emission_standard,body_type,description
https://www.subito.it/auto/bmw-325i-cat-cabrio-msport-vercelli-604769229.htm,Bmw 325i cat Cabrio Msport,16.900 €,06/2007,97000 Km,Benzina,Manuale,Euro 4,Cabrio,"Bmw 325i Cabrio M-Sport Futura 
( 6 cilindri ) 

- Anno 05/2007
- Km 97.000 dimostrabili 
- cc 3.0 Benzina 6 cilindri 218cv 

2 propietari 
Doppie chiavi
Autovettura in eccelenti condizioni!
Tenuta da amatore 

Interni in pelle Cartier 
Sedili sportivi
Sedli elettrici con memorie 
Cerchi in lega 19 pollici M-Sport
Fari bi-xeno 
Fari direttivi
Fari automatici
Ambient light 
Navigatore satellitare 
Cruise control
Volante in pelle
Velocita digitale 
Climatizzatore bi-zona
Caricatore 6CD
Lettore DVD
Cristalli elettrici 
Retrovisori elettrici 
Inserti interni piano black
Subwoofer Audio regolabile
Amplificatore
Entrata aux
Comandi al volante 
Fondoscala 280

L'autovettura verra consegnata lucidata e tagliandata 

* POSSIBILITA DI FINANZIAMENTO IN SEDE

* X ALTRE INFORMAZIONI TELL : 380-379-11-10
0161-235-916

* RITIRIAMO IN PERMUTA IL VOSTRO USATO

* ACQUISTIAMO IL VOSTRO USATO SENZA OBLIGO DI ACQUISTO

* CI TROVIAMO A CARESANABLOT IN VIA VERCELLI 33 (vc)"
https://www.subito.it/auto/toyota-corolla-touring-sports-1-8-hybrid-busi-torino-602468502.htm,Toyota Corolla Touring Sports 1.8 Hybrid Busi...,17.700 €,02/2021,72761 Km,Ibrida,Automatico,Euro 6,Station Wagon,"DEK:[9600041]
Il **prezzo indicato è trasparente e reale**, senza vincoli o obblighi di finanziamento: quello che vedi è quello che paghi, è escluso solo il passaggio di proprietà.

MOVI S.p.A. è il punto di riferimento per qualità e affidabilità nel settore automotive. 
Tutti i nostri veicoli sono rigorosamente **tagliandati e offerti con 12 mesi di garanzia, estendibile fino a 36** mesi per la tua massima serenità.

Il veicolo di questo annuncio è un'auto **aziendale con IVA esposta**, perfetta per privati e aziende, grazie alla possibilità di fatturazione e di detrazione fiscale ove applicabile. Scegliere un veicolo aziendale significa avere un'auto ben mantenuta, con chilometraggio certificato e una storia di utilizzo trasparente.

Inoltre, da MOVI S.p.A. puoi **finanziare** il tuo acquisto anche **senza anticipo**, alle **migliori condizioni** di mercato. E grazie alle nostre promozioni, hai la possibilità di risparmiare fino a **1.500 € sul prezzo esposto!**

Scegli MOVI S.p.A. per il tuo prossimo veicolo e scopri un'esperienza d'acquisto trasparente e vantaggiosa. Contattaci subito per ulteriori informazioni o per prenotare un test drive!
Tutti gli aspetti legali che vincolano le parti saranno chiaramente indicate in modo specifico (scritto e parlato) dal venditore proponente prima che il Consumatore e/o l'Acquirente in piena consapevolezza, assuma impegni vincolanti. Il veicolo è usato e sarà venduto applicando le norme de D.lgs. 206/2005.La società venditrice, al netto di vincoli già assunti, ha facoltà di variare il prezzo di vendita."
https://www.subito.it/auto/peugeot-207-cabrio-torino-604769333.htm,Peugeot 207 cabrio,1.200 €,11/2008,191000 Km,Benzina,Manuale,- (Emissioni),Cabrio,"Vendo peugeot 207 cabrio in ottimo condizione
Km 191000
1600 benzina
auto in ordine"
https://www.subito.it/auto/lancia-delta-1-6-mjtdpf-platino-120-cv-novara-604768445.htm,Lancia Delta 1.6 MJTdpf platino 120 cv,3.500 €,04/2011,182164 Km,Diesel,Manuale,Euro 5,Berlina,"Auto tenuta in ottime condizioni

Meccanica ed elettronica ottime

Veramente ottimo affare

La macchina verrà consegnata con trattamento di igienizzazione completo, lavata internamente e esternamente.

E' possibile prova su strada del veicolo

Da noi troverai inoltre la soluzione più adatta alle tue esigenze.


PER INFO:
Auto Ticino SRLS

Ufficio Mostra numero Sig.stavian Mostra numero Sig.MOMI Mostra numero Tutte le vetture sono visionabili presso il nostro autosalone 
ci troviamo in 
Via Sacco e Vanzetti 7
28040 Borgo Ticino - Novara - No



Potete visionare il nostro parco Auto sul nostro sito Autoticino.it
https://autoticino.it/parco-auto/


Eventuali incongruenze tra le caratteristiche presentate nella scheda descrittiva e le effettive dotazioni del veicolo non costituiscono in alcun modo un vincolo contrattuale per il venditore"
https://www.subito.it/auto/volvo-xc90-2014-2015-cuneo-603687817.htm,Volvo xc90 (2014-->) - 2015,21.000 €,06/2015,201000 Km,Diesel,Automatico,Euro 6,SUV/Fuoristrada,"Vendesi Volvo XC90 in perfette condizioni
Mai incidentata 
Tagliandi regolari certificati, kit cinghia distribuzi. sostituita"
